{
  "id": "ukr",
  "name": "Українізатор ОМОРІ",
  "description": "Україназітор для гри ОМОРІ від команди \"J4S\"",
  "version": "1.8.3",
  "manifestVersion": 1,
  "_flags": [
    "do_olid"
  ],
  "image_deltas": [
    {
      "patch": "img/animations/Pep_Talk.png",
      "with": "olid/8f42ca635095b200f466acb3f6658c03b3be6a22f15fb7ad71e49ccddb4edc56.olid",
      "dir": false
    },
    {
      "patch": "img/animations/a_ACS_h.png",
      "with": "olid/75352f20280656e934ee13aca04b4dcbe9a861a500b26fc617ab6a52eda5027d.olid",
      "dir": false
    },
    {
      "patch": "img/animations/a_ACS_k.png",
      "with": "olid/c6109e35930335737079d2fd2bdde973f674ba187e3e1a9284e12a3a6178e80b.olid",
      "dir": false
    },
    {
      "patch": "img/animations/a_peptalk.png",
      "with": "olid/b0b1af2a1e06f9258998db808af78e5681e63bffc83f72d90ebea4650880928d.olid",
      "dir": false
    },
    {
      "patch": "img/animations/a_taunt.png",
      "with": "olid/f849817fec6ff2eef2b5702ec851ad0ad2e60f507c01261fa9cf7d1498f8794a.olid",
      "dir": false
    },
    {
      "patch": "img/animations/e_brag.png",
      "with": "olid/10d8659ac0f44f6d6f2a8246f255cda09ab0a582aec3674f27f2bfffaf4780ea.olid",
      "dir": false
    },
    {
      "patch": "img/animations/e_download.png",
      "with": "olid/3fd179b698fbdfddcaac7afe0c8eb57150626c61183e63ee594a3d982ef92bda.olid",
      "dir": false
    },
    {
      "patch": "img/animations/e_sharp_insult.png",
      "with": "olid/10a026234c801ebe7a9a580b7cf03335d4a0b1b53ecf79a8fa02fdc1da0fad41.olid",
      "dir": false
    },
    {
      "patch": "img/animations/e_sharp_insult_alt.png",
      "with": "olid/c5b3c441671d82ceeadbd35e5d05799bcc13740828c15bb8918b05c925a6c266.olid",
      "dir": false
    },
    {
      "patch": "img/animations/gator_aid.png",
      "with": "olid/a084c65c89559c6057a8668b65bf5a41b915e2043c60a427aace6193f8f572e3.olid",
      "dir": false
    },
    {
      "patch": "img/animations/h_ACS_a.png",
      "with": "olid/f7e1a77eb5c67e7be850b523895d4dde269effaaa9840509128d03b440e627a4.olid",
      "dir": false
    },
    {
      "patch": "img/animations/h_ACS_k.png",
      "with": "olid/df590e24c288f7f4691ca2605d8612060bf69bf43f99e315b20544d9b0d289bd.olid",
      "dir": false
    },
    {
      "patch": "img/animations/h_ACS_o.png",
      "with": "olid/d3448e1af905948d03f8d251bddc9c8c9a3b63bf7e43db0a588bc10ca05d8915.olid",
      "dir": false
    },
    {
      "patch": "img/animations/h_gator_aid.png",
      "with": "olid/60decd5afa42a9a5e0431b85d09b0c8329197e3a71c3a0f9f8036487cb175184.olid",
      "dir": false
    },
    {
      "patch": "img/animations/h_snack_time.png",
      "with": "olid/377c456074c36cd8e2d6803c7063b73bcda0a67fd53635fc21c0d254081e4689.olid",
      "dir": false
    },
    {
      "patch": "img/animations/k_annoy.png",
      "with": "olid/52374038af067f9b5b2f3d86c95bb83c492ff681d10c325baac5a9776739f592.olid",
      "dir": false
    },
    {
      "patch": "img/animations/k_flex.png",
      "with": "olid/ea673922600e5aa5cd4d0ec03c6333e5bf5ea51961cd82f4146235ee28f4ebaa.olid",
      "dir": false
    },
    {
      "patch": "img/animations/speech_1.png",
      "with": "olid/95dab1c8a54ff00e15a79fb06e460dd93d78265a01b5135d8ba7ac2c8dbaa661.olid",
      "dir": false
    },
    {
      "patch": "img/animations/speech_3.png",
      "with": "olid/b64e157ad6f6ea2d0f5c2f4d9a354bc9b6e63bbfc56a234dd28be2785e2ef3d2.olid",
      "dir": false
    },
    {
      "patch": "img/animations/speech_4.png",
      "with": "olid/18bdbcd7f61679f510b0aee2586165a0a906ee7ef8182839310b7c2de5444d37.olid",
      "dir": false
    },
    {
      "patch": "img/animations/speech_5.png",
      "with": "olid/912b87a3a03b0126baa5fb1805e507a00cb35c1f5a00d99815a700195cc79bb5.olid",
      "dir": false
    },
    {
      "patch": "img/atlases/AlbumPicture_BackAtlas.png",
      "with": "olid/66e3e9a1942f71ac83eeb730f3292ed7d1eff45e318ce5ba615636ea8c3a9741.olid",
      "dir": false
    },
    {
      "patch": "img/atlases/DreamworldAtlas_01.png",
      "with": "olid/e6fa2e1855142799a59c5437a7641b99487c5355db9bc63ed2c076b9d2bf8ee8.olid",
      "dir": false
    },
    {
      "patch": "img/atlases/FOEFACTXATLAS.png",
      "with": "olid/590be6807c557a115bbf73d2ac1ab9be1aa04bea15bac85c1531a3b3ef2465e6.olid",
      "dir": false
    },
    {
      "patch": "img/atlases/FarawayAtlas_03.png",
      "with": "olid/57a804936a4435ecf6068619e60b54ac18390f391c4acb998c7de7b5d8019ede.olid",
      "dir": false
    },
    {
      "patch": "img/atlases/FarawayAtlas_03_scribble.png",
      "with": "olid/6be000937e0f0fce8e401e353bb99f08100d510f57d3da7b5d11ef7350fa4564.olid",
      "dir": false
    },
    {
      "patch": "img/atlases/FarawayAtlas_04.png",
      "with": "olid/5d2cb127437c36f7350f33e47009e490842edc7d6285b2d1e6e48d2c0786eb2b.olid",
      "dir": false
    },
    {
      "patch": "img/atlases/Faraway_AlbumPictureBack_key.png",
      "with": "olid/ac36596d9824bcb0384d1dbf9bcfd933a8522b3c4a2d7726435bf68d59e21da5.olid",
      "dir": false
    },
    {
      "patch": "img/atlases/Faraway_PolaroidAtlas.png",
      "with": "olid/844e1aae01be8b1f1072924a4db53523b470bd9cc19f161d0158969943bc84c9.olid",
      "dir": false
    },
    {
      "patch": "img/atlases/MN_BlackJack.png",
      "with": "olid/11069566e8ffce23c2da49df738ac0974f11e8c910bc3b0fb3cfd47de4c71fe2.olid",
      "dir": false
    },
    {
      "patch": "img/atlases/MN_Invader.png",
      "with": "olid/a38fdbb73e85e609623abf8be1619b2406374dd0e72f48e17aca9a0fb4e94532.olid",
      "dir": false
    },
    {
      "patch": "img/atlases/MN_PetRocks.png",
      "with": "olid/9f9119443e1d0dd3fc9ca93c1728a8085b040b8b8c9e70d7510a920bda900e17.olid",
      "dir": false
    },
    {
      "patch": "img/atlases/MN_PizzaItems.png",
      "with": "olid/627de1bd82f3287a9a3aa814e4e68639cadf5ec8795c5bede8a2023050283e0a.olid",
      "dir": false
    },
    {
      "patch": "img/atlases/MN_Slots.png",
      "with": "olid/4d602bc608c37683424754f7167ebd2fae505113f31404e6ee95b6806022ff0f.olid",
      "dir": false
    },
    {
      "patch": "img/atlases/MN_Snake.png",
      "with": "olid/1834b547e96e42804142c04706c3b061dba905c2fb9dfc2d0afc1d33872ab686.olid",
      "dir": false
    },
    {
      "patch": "img/atlases/Omori_TitleScreen.png",
      "with": "olid/10aa8557ff97916c6c0108bacd8b163ef5fa798c99e104375f06180d1b6851fe.olid",
      "dir": false
    },
    {
      "patch": "img/atlases/PhotoAlbumCovers.png",
      "with": "olid/bd7fa9a7c5cd872a5bf81105a04e1c7e8407df1056dae474e444c45f15f54117.olid",
      "dir": false
    },
    {
      "patch": "img/atlases/SKETCHBOOKATLAS.png",
      "with": "olid/1558a7845e94d701a60b5bd67684ee4805f9f47a5197cbca09f462e82c0a97b6.olid",
      "dir": false
    },
    {
      "patch": "img/atlases/SKETCHBOOKATLAS_BS.png",
      "with": "olid/65ba8508ec5417fc3f5bef72556ae2b5538f12c65c267e37ee569f3e7ad3cbd9.olid",
      "dir": false
    },
    {
      "patch": "img/atlases/TAGATLAS.png",
      "with": "olid/b17157ba9cdb21186c551d8c6d4be84f536af92d5bbeafcd4fd950c9926fe915.olid",
      "dir": false
    },
    {
      "patch": "img/atlases/TAGATLAS_FA.png",
      "with": "olid/304759397c4e9c129746b4257c75c91dbd3b54fa274eee232bdae8004df600b1.olid",
      "dir": false
    },
    {
      "patch": "img/atlases/battleATLAS.png",
      "with": "olid/4a01df8bb4dd0f023056d33ee45e52e7f7c29a554be5965a8abd97c659da4925.olid",
      "dir": false
    },
    {
      "patch": "img/atlases/itemCharms.png",
      "with": "olid/58d7ddafda73ed445e86f479be4603feaa4952b45c2d16ee72e707612eba01f4.olid",
      "dir": false
    },
    {
      "patch": "img/atlases/itemConsumables.png",
      "with": "olid/af6dc0330f6c46874e75859af9364fb005c8e668d46e590c2e737e7d7da75c08.olid",
      "dir": false
    },
    {
      "patch": "img/atlases/itemImportant.png",
      "with": "olid/4c911f9d86c35a3bcf03e8b60e093ab0c3930974cb78738806485cb1154c3ecb.olid",
      "dir": false
    },
    {
      "patch": "img/battlebacks1/battleback_dw_lastresort_interior.png",
      "with": "olid/033fd17bf06ebb2a9437966afec0a48b6db56279e7555649d66818b344ff3a53.olid",
      "dir": false
    },
    {
      "patch": "img/battlebacks1/battleback_ow_download.png",
      "with": "olid/3535c9057ff8eea59c5d92c74c5975660f17f9c88e9371586bee41481ceea3e3.olid",
      "dir": false
    },
    {
      "patch": "img/battlebacks1/battleback_reckut.png",
      "with": "olid/0d2bc9c83a9dfb301c127ddc191b56129e7f0714826000ddb9654965ac7f5efc.olid",
      "dir": false
    },
    {
      "patch": "img/characters/!FA_OBJECTS_2.png",
      "with": "olid/b5c941d9dd32000c5209aa0c56f603ab292c9bcba3a6035cae741377d905ad0a.olid",
      "dir": false
    },
    {
      "patch": "img/characters/!FA_PLAYERHOUSE_OBJ.png",
      "with": "olid/7bf3fc690cd435743b243012e701b5b7dd553b76427dd66ddf69aa1e918725f9.olid",
      "dir": false
    },
    {
      "patch": "img/characters/!objects_fa_doors_2.png",
      "with": "olid/fa3857746d5ae3fc0764c860b088fec47cafb6d787584085cc07bc985e6677e0.olid",
      "dir": false
    },
    {
      "patch": "img/characters/$DW_Sign.png",
      "with": "olid/8ac306b5bb030f3ac15853b1df7298a28d6fe9b76c2b21c74ed45cd11d2e21cb.olid",
      "dir": false
    },
    {
      "patch": "img/characters/$DustPile.png",
      "with": "olid/7a1028f59b7b0eb8cfa89d96e2867c670cf09972fad1d458285c4da94ba964ac.olid",
      "dir": false
    },
    {
      "patch": "img/characters/$bs_objects_large.png",
      "with": "olid/7f92703daff1083e57e4aff1dea7965ffd846da789f6268bd25494da4f7f9a52.olid",
      "dir": false
    },
    {
      "patch": "img/characters/DW_DD_CHIP.png",
      "with": "olid/0b76eccbfd14c58049cfa8ee46b7eba86e2766e0a5ee18203731653c2b72cb74.olid",
      "dir": false
    },
    {
      "patch": "img/characters/DW_DungeonNPCs.png",
      "with": "olid/3a4a6c16441998a6734025b28b891b2d6f487b28d9ef6d55742c08e13611c83a.olid",
      "dir": false
    },
    {
      "patch": "img/characters/DW_NPC_20.png",
      "with": "olid/f08f6ea8a4e071f5987043e5aff68994d83ddb15c1fe2ab0eb9199efa86c0e58.olid",
      "dir": false
    },
    {
      "patch": "img/characters/DW_OBJECTS_2.png",
      "with": "olid/879f60f9b8151a8390d4a909b2ec96fd121094692c95a374d37e263d7b70f851.olid",
      "dir": false
    },
    {
      "patch": "img/characters/DW_PuzzleObjects5.png",
      "with": "olid/8254ea86818edf2fb4c79857b99a24a9f879c8eb43420aac6cbed62a7aeaf5c0.olid",
      "dir": false
    },
    {
      "patch": "img/characters/DW_PuzzleObjects5sunset.png",
      "with": "olid/7abeaf30bcdd74b8e4cc09c6d1cd86b01785f14c9b0c0eaf59e1ca79d878dc61.olid",
      "dir": false
    },
    {
      "patch": "img/characters/DW_PuzzleObjects8.png",
      "with": "olid/3f5c055cb2075e962d661fc218fc78c939daf5a793aa03abc90cf9fd52ae95ab.olid",
      "dir": false
    },
    {
      "patch": "img/characters/DW_PuzzleObjects_1.png",
      "with": "olid/b432f1627eeca8726a8e9f36074e7618dd12eedef9a4227f1e5d48cbcb3e4d19.olid",
      "dir": false
    },
    {
      "patch": "img/characters/DW_SBF_BED.png",
      "with": "olid/3bece8d1323c184193da19399e4d2dbae590472229dec758099a0176633d04fd.olid",
      "dir": false
    },
    {
      "patch": "img/characters/DW_SG_Humphrey_effects2.png",
      "with": "olid/8b941ed5f828a851b5daa7765d826b0850dadfcc0dc97ab036b38b3e960da03c.olid",
      "dir": false
    },
    {
      "patch": "img/characters/FA_TV.png",
      "with": "olid/dbaf6f28f3789e454cce96b55de2d16dca9174b971ae68def16d53b06973f125.olid",
      "dir": false
    },
    {
      "patch": "img/characters/OBJ_SW_OBJ.png",
      "with": "olid/21ea5e1f0ffd1218f329b4671c4014aa4799eb7f823b9cbecdda9da9bbdeb7f3.olid",
      "dir": false
    },
    {
      "patch": "img/characters/Objects_FA.png",
      "with": "olid/9a09080e83b02d3c549f9e6783776cda84633ce3bd3bbc9cc3eba4feeb310916.olid",
      "dir": false
    },
    {
      "patch": "img/characters/[SF]BBB.png",
      "with": "olid/3b61e6428da2d0b2a87ba7da77b2a5d8292c0b13aa65b346959e4aa42de3a78b.olid",
      "dir": false
    },
    {
      "patch": "img/characters/[SF]Bubble_Bills.png",
      "with": "olid/a7f92f51879f8a8496dc4c2ea84eb721ba1a2b84b28439c467047ea4054bec57.olid",
      "dir": false
    },
    {
      "patch": "img/characters/[SF]Bubble_Collect.png",
      "with": "olid/194a601057978ea2d7023821570035c83807f8c9cb64417f87bb5d7db5e424f0.olid",
      "dir": false
    },
    {
      "patch": "img/characters/[SF]Bubble_Hi.png",
      "with": "olid/ba90ad0de7579b903eb0220b50dedae77b487e1d789aee078ce5fb57491697f4.olid",
      "dir": false
    },
    {
      "patch": "img/characters/[SF]Bubble_I_Know.png",
      "with": "olid/b20383646f77002fcd1a77d5d65bbddb404be39d64e62d663305e374d4477c22.olid",
      "dir": false
    },
    {
      "patch": "img/characters/[SF]Bubble_Insurance.png",
      "with": "olid/a627eb0dca800fb83559caf57fc76e84ddb96ea9766ff8baf8bf7932a5a3fbf6.olid",
      "dir": false
    },
    {
      "patch": "img/characters/[SF]Bubble_Loser.png",
      "with": "olid/f79daff061add0ed608a8afb3e503883f99b0c4e19e322156839df9f8a2852a6.olid",
      "dir": false
    },
    {
      "patch": "img/characters/[SF]Bubble_You_Won.png",
      "with": "olid/79327d33beb47e6ed19fc4a1143331b6db9f4e2230680cc27b068ae13c1e2216.olid",
      "dir": false
    },
    {
      "patch": "img/characters/[SF]SBF_Ship.png",
      "with": "olid/feecbc97cbcd17d4491bdf7f467f16ef8a4183c469b3ecf60117068b43e5755a.olid",
      "dir": false
    },
    {
      "patch": "img/characters/[SF]Spaceline.png",
      "with": "olid/bbdd6e8083abc274114f17bea1ed941d9b58f74a6fc7e3f29d8fbe1a5389bdfb.olid",
      "dir": false
    },
    {
      "patch": "img/enemies/!battle_download_window.png",
      "with": "olid/279920c4f03db093f75446d89feb922e9af36d7f073b673e8854f563e259d982.olid",
      "dir": false
    },
    {
      "patch": "img/parallaxes/!parallax_glitch.png",
      "with": "olid/00a2834e5b1aa2a136e9d2bf44ac323cff79a78542798e86a3db4bf74fe2870a.olid",
      "dir": false
    },
    {
      "patch": "img/pictures/00_Intro.png",
      "with": "olid/ba1b6ea872ab7935341a2ce02b0754a47d485d9251aeab54c72f06a628c6bf9d.olid",
      "dir": false
    },
    {
      "patch": "img/pictures/11_download_window.png",
      "with": "olid/2b82f6efd75b7377a7f53f7553fc6ffff3fcffa6eb7faf55e8b1de2a7ac7c8e8.olid",
      "dir": false
    },
    {
      "patch": "img/pictures/DW_billboard.png",
      "with": "olid/28e6bc772e7e7715d789806d724e8dd08120f73faa149ab4a7830538696a312c.olid",
      "dir": false
    },
    {
      "patch": "img/pictures/DW_butt_certificate.png",
      "with": "olid/bbc890472be8008f08174e7731d8135544f111b62c44d0e51dc7956794526f95.olid",
      "dir": false
    },
    {
      "patch": "img/pictures/DW_cool_doodle.png",
      "with": "olid/4189188fcd9031f59e96857d9e61615bc14077d63b74d23986c0be237675591a.olid",
      "dir": false
    },
    {
      "patch": "img/pictures/DW_pluto_wanted.png",
      "with": "olid/1c9c045a968358ac184b907e60810cf1a21e0fdc859ee0f41346b4f311819885.olid",
      "dir": false
    },
    {
      "patch": "img/pictures/DW_sw_quest_for_hearts.png",
      "with": "olid/28abbf295421684f873a32c4d8ffa2c571c8680f178ae02e45283e3e09936952.olid",
      "dir": false
    },
    {
      "patch": "img/pictures/DW_tvgirl_list.png",
      "with": "olid/5cdd14ed0ffcc1071dd85036fc51813ff0c734d86523af5bb3521247c9366956.olid",
      "dir": false
    },
    {
      "patch": "img/pictures/Dreamworld_polaroid_FA_cover.png",
      "with": "olid/4a187c42df8c6164b1fd3a29bfbdf61b1caaa0dbbfa067f077f9d8205e019bf4.olid",
      "dir": false
    },
    {
      "patch": "img/pictures/GO_Continue.png",
      "with": "olid/1fa0d2903be4ec1feab36a22a40d260a9985c7e4fa98b77b1d94d433ef0fee73.olid",
      "dir": false
    },
    {
      "patch": "img/pictures/GO_Retry.png",
      "with": "olid/9f6e9411c58863ec5537448bf13ea6855ba7502ac51a8f50770f12ef66f07b35.olid",
      "dir": false
    },
    {
      "patch": "img/pictures/GameOver.png",
      "with": "olid/8c306773c95b631ba483e48bae1d1af92ef287ff7c4971e7fd6193de7119bd6f.olid",
      "dir": false
    },
    {
      "patch": "img/pictures/HouseMapBrent.png",
      "with": "olid/b9a77ab9e8979e1a1e2e1d94bf68366c249cf424d6791e6ab0d4a9cbc2f19897.olid",
      "dir": false
    },
    {
      "patch": "img/pictures/HouseMapJoy.png",
      "with": "olid/265c40351c74f015109b3d3adee6d6bdb99fb9e75566ec415fc0511488280ddf.olid",
      "dir": false
    },
    {
      "patch": "img/pictures/PIZZA-Background.png",
      "with": "olid/07c0df996dc04c35eefa3d9f12478b72012a3a97d030c29358b0c3e2718a727e.olid",
      "dir": false
    },
    {
      "patch": "img/pictures/ROCK-Intro_02.png",
      "with": "olid/746fc9fd368a9fcea569bf5e1faed80f2ba29085777f3ca982b1277fb4f1d3f4.olid",
      "dir": false
    },
    {
      "patch": "img/pictures/ROCK-Intro_03.png",
      "with": "olid/4997aedd8726ad99226abaf0385da6239f751e7624f35976996dce1dbd0f6d17.olid",
      "dir": false
    },
    {
      "patch": "img/pictures/ROCK-Intro_04.png",
      "with": "olid/5ed75e2a7d7cf88bd5ad498299e2b0bf3b0f0bbb8edc6afaac1fc7e94357d852.olid",
      "dir": false
    },
    {
      "patch": "img/pictures/ROCK-Intro_05.png",
      "with": "olid/d5bbbc156c930849ee754322066e941f4fc9940ce1600521bddfb81950d0ce50.olid",
      "dir": false
    },
    {
      "patch": "img/pictures/ROCK-Intro_06.png",
      "with": "olid/5a0e136bee43d362d9ce69c5cd35b306b5e95444a964cfb56f0205c3e98a329a.olid",
      "dir": false
    },
    {
      "patch": "img/pictures/ROCK-Intro_07.png",
      "with": "olid/4e6ead7504167a99afcc3fbc3448b8b03416a5206943de73ab2fcd27f29a53e8.olid",
      "dir": false
    },
    {
      "patch": "img/pictures/SW_BachelorSign.png",
      "with": "olid/0d5b637a3eb63341eded10b2e431147ffd416bfbab91d0914be8fff50a068aac.olid",
      "dir": false
    },
    {
      "patch": "img/pictures/SW_BachelorSign[2x1].png",
      "with": "olid/68658990b55fb1eae36fa9548d3e52fa39f2fdeaab6bc3f11d3d03b7f7f43bd4.olid",
      "dir": false
    },
    {
      "patch": "img/pictures/SW_Tier_List.png",
      "with": "olid/43c2a04639b098c84e074064fe9f257b1cfb149df0b2fb6bfad8fefa13c5db17.olid",
      "dir": false
    },
    {
      "patch": "img/pictures/Sequence/ROCK-Intro_02.png",
      "with": "olid/fb3a56750a4cf3fb1743af38fdec5853284aa3855e9ff4ef9a4f23456178d18e.olid",
      "dir": false
    },
    {
      "patch": "img/pictures/Sequence/ROCK-Intro_03.png",
      "with": "olid/5f093d68143bcc8408731d6787caf0fa75ff3c0ec58123efb2978a49620f3bb8.olid",
      "dir": false
    },
    {
      "patch": "img/pictures/Sequence/ROCK-Intro_04.png",
      "with": "olid/a07650712139d9eead8b972b9165d04bb66d637b522a9a84860c12cb4b5041de.olid",
      "dir": false
    },
    {
      "patch": "img/pictures/Sequence/ROCK-Intro_05.png",
      "with": "olid/70b9f222d7a3a7b63ada3436ed00ca61894e300321f9ed0015e2305dd5f1f83f.olid",
      "dir": false
    },
    {
      "patch": "img/pictures/Sequence/ROCK-Intro_06.png",
      "with": "olid/8e90c9804d2699368420e1147ea3f81e0765491af1221951183a6de4c8afa6c5.olid",
      "dir": false
    },
    {
      "patch": "img/pictures/Sequence/ROCK-Intro_07.png",
      "with": "olid/2a97818fb25e1cf37969f89e6b3065e4579c5763e2779ac3b938b648f95adb31.olid",
      "dir": false
    },
    {
      "patch": "img/pictures/area_logos.png",
      "with": "olid/bcf0181d08b0efba89259224fe854feb201e0aae036f03feb1bb49cce9e40d42.olid",
      "dir": false
    },
    {
      "patch": "img/pictures/before_white_space_1.png",
      "with": "olid/113ba7661e44a4b30b49d1a25d35c36e3e03beb5508b3f707870367ed3bbd5e9.olid",
      "dir": false
    },
    {
      "patch": "img/pictures/before_white_space_2.png",
      "with": "olid/56985089cdf2716ffba9c449381cc04d6ebb68b2b908d9674ce382035233437c.olid",
      "dir": false
    },
    {
      "patch": "img/pictures/before_white_space_3.png",
      "with": "olid/33b4db3071f021a5b662bbd22342d00ebc0e738a7722fb96b3cf15b47916eb0f.olid",
      "dir": false
    },
    {
      "patch": "img/pictures/black_key.png",
      "with": "olid/68b34894e7a6401a2c99e5b4302f0ac3a9c14b1f4976689cf586eef104a14843.olid",
      "dir": false
    },
    {
      "patch": "img/pictures/bs_laptop.png",
      "with": "olid/1a30fcbf2075700a7b893d3cb8ca7d54b6b9b4d038ea5ee0bb5fa7e89ba0047c.olid",
      "dir": false
    },
    {
      "patch": "img/pictures/bt_faraway.png",
      "with": "olid/85d1b3a083c1c658c031ce0498e4d65abfcc647820f1d7c9764ab84c1c3eeb24.olid",
      "dir": false
    },
    {
      "patch": "img/pictures/daysleft.png",
      "with": "olid/2f7be9042124dc418fd1b5f3d5f5b35fa9144df81af3deb21fb4b70a56ced01b.olid",
      "dir": false
    },
    {
      "patch": "img/pictures/dw_free_jobs.png",
      "with": "olid/f9cb9e868ffc894e059d014ad02b78c26ae0ff3f5184734bb1972edd3d5ab86c.olid",
      "dir": false
    },
    {
      "patch": "img/pictures/emotions_guide.png",
      "with": "olid/b59693294223b0e7a6e4c212c088a6ba9eff9e9e75444e7c8ff75d525fdaa324.olid",
      "dir": false
    },
    {
      "patch": "img/pictures/ending_slide.png",
      "with": "olid/064282df465e3e804fc4dde2f951f3032d3a442e821d6e2260ef45a8f4ef1c15.olid",
      "dir": false
    },
    {
      "patch": "img/pictures/flowing_sheets_1.png",
      "with": "olid/04d1849c32e9905b49fdc6d185829a57f582c0dcd40ddd0af82d7084081d2c0e.olid",
      "dir": false
    },
    {
      "patch": "img/pictures/flowing_sheets_2.png",
      "with": "olid/d14da3bb6bad320731c9c3020706593bd815f52679c3e8f4282f34cbd5a56b61.olid",
      "dir": false
    },
    {
      "patch": "img/pictures/flowing_sheets_3.png",
      "with": "olid/c5987da65d4ad8bcb0c9831e7f34f2743d0ec0bc45b14a20686297283ed43109.olid",
      "dir": false
    },
    {
      "patch": "img/pictures/looking_at_photos_1.png",
      "with": "olid/fdad7bce42de5c4998f1afb6aa25d06696b14b64a7a5c745e5296ff035cdd179.olid",
      "dir": false
    },
    {
      "patch": "img/pictures/looking_at_photos_2.png",
      "with": "olid/ee028b858e1268cc6dce3c0ce94e39af1bd65450dd1f37946419761129d6b06c.olid",
      "dir": false
    },
    {
      "patch": "img/pictures/looking_at_photos_3.png",
      "with": "olid/64e8a108d2e8fcb6d085799d9336f7edf96fcd39fb618271010cbcc4b1a736ae.olid",
      "dir": false
    },
    {
      "patch": "img/pictures/pictures_dw_extra.png",
      "with": "olid/6e7f44cec216c0231419704e2863f2e2790ce7a73640eb2fd0232ce3f04b0f0e.olid",
      "dir": false
    },
    {
      "patch": "img/pictures/pictures_fa_extra.png",
      "with": "olid/e3c9e27c6259ed385af957b96e82a8a91aa3a530a33f19707ee77b57ff7bdaa4.olid",
      "dir": false
    },
    {
      "patch": "img/pictures/player_please_help_1.png",
      "with": "olid/eadb15f4a1d6bbffd722582920f91630a6e83dd93880f1b6df4e05dc3549d841.olid",
      "dir": false
    },
    {
      "patch": "img/pictures/player_please_help_2.png",
      "with": "olid/a9faf7b8621ec928917a3e87f9e1e54df214894a9ea2e303bde441075062797f.olid",
      "dir": false
    },
    {
      "patch": "img/pictures/recipe_for_disaster.png",
      "with": "olid/d35116f77df02feccefff9c578975bf5766ad128f1cbe2cce771ab77c6594c05.olid",
      "dir": false
    },
    {
      "patch": "img/pictures/sw_movie_telenova.png",
      "with": "olid/647cc0f8baa277778e63fe18980178f709ff746c2b162d0655d8104f1c4a45ab.olid",
      "dir": false
    },
    {
      "patch": "img/pictures/sw_movie_tennistime.png",
      "with": "olid/dc57fc9a3d8642c50407f3df36467d690c076183c2b180b1be5d693cbd50059d.olid",
      "dir": false
    },
    {
      "patch": "img/pictures/sw_movie_tofu.png",
      "with": "olid/912ffb238219abfeddd715e53fdf54c2c0ad13947ba0ff86f4b0f2e62419b1ec.olid",
      "dir": false
    },
    {
      "patch": "img/pictures/sw_movie_tvshopping.png",
      "with": "olid/1de226f668e88807963eb360bc0b36413922e7aef891afc8768512eae0b00a1f.olid",
      "dir": false
    },
    {
      "patch": "img/pictures/sw_movie_xmas.png",
      "with": "olid/cb8c1223b4fd218d169e028f421e4685de8606326c4d2937c0f9097181e66cb1.olid",
      "dir": false
    },
    {
      "patch": "img/pictures/the_truth_3.png",
      "with": "olid/754b8609b8ecf50678faea82671f117fab35fc5204112b92fbf845657ea95e84.olid",
      "dir": false
    },
    {
      "patch": "img/pictures/ws_laptop.png",
      "with": "olid/676f58f3f103b8ecae3af5a8a61b196e2b4f7bfae474c51c59a20ced1554e93e.olid",
      "dir": false
    },
    {
      "patch": "img/pictures/ws_laptop_journal.png",
      "with": "olid/096fde209ddd04ece9ecc9d7add6e2200469c117eda63f6ba37474e1f86201fb.olid",
      "dir": false
    },
    {
      "patch": "img/pictures/ws_laptop_piano.png",
      "with": "olid/d43f7a696b43927aa5b7b02c76362b8a980f3fab0cec608bd9304c61a708386b.olid",
      "dir": false
    },
    {
      "patch": "img/pictures/you_died.png",
      "with": "olid/49ca956c3d7296125d976732767144f7e8c3a596f8570d2fa711e6e383caea20.olid",
      "dir": false
    },
    {
      "patch": "img/slotmachine/bg.png",
      "with": "olid/53c64e83d7f3fd793920b4ef5a4448544980ff9ee66f76b0cc75e0c2dbccb5eb.olid",
      "dir": false
    },
    {
      "patch": "img/sv_actors/!battle_download_window.png",
      "with": "olid/3249a1ef739647d1ddc465ad98ad1ace447ac68b2e14235734679db942a3e3d9.olid",
      "dir": false
    },
    {
      "patch": "img/system/ACS_Bubble.png",
      "with": "olid/b1fabb885f43cb7c42f7b142b08e746eedd21db38d7740963b3d7bbff3ac8f3e.olid",
      "dir": false
    },
    {
      "patch": "img/system/BalloonDoReMi.png",
      "with": "olid/aa6db6648c97f4a32fc1c80379c2e2b690daccd93ac481922748eef2cc8dde89.olid",
      "dir": false
    },
    {
      "patch": "img/system/Damage.png",
      "with": "olid/af505d2d439b1e9ec9fe7e1813baf8ec0a26766c65a921402fda79fa9115e9b1.olid",
      "dir": false
    },
    {
      "patch": "img/system/GameOver.png",
      "with": "olid/2b218ed566dbe67c625e934c5dc873dcc31835453e1455f146277b6d196301f6.olid",
      "dir": false
    },
    {
      "patch": "img/system/GameOverText.png",
      "with": "olid/06dd4b414eda38f1ae17c8942336e9b249cc99010b00d7827697130bb958cd8f.olid",
      "dir": false
    },
    {
      "patch": "img/system/itemCharms.png",
      "with": "olid/eb6801574a65385510985097af3c85baa0d0283fb3738b73f06722d2ea1ed445.olid",
      "dir": false
    },
    {
      "patch": "img/system/itemConsumables.png",
      "with": "olid/6b9a93fff5b8ec9c811e3a37455af4f16849ec7b96782156fd43bd65f5f4da82.olid",
      "dir": false
    },
    {
      "patch": "img/system/itemImportant.png",
      "with": "olid/b23804a429fbd517de0d3c9acc2eb30a02e772c43823154a51938dc2dc866b30.olid",
      "dir": false
    },
    {
      "patch": "img/system/splashGalv2.png",
      "with": "olid/4af3c3577d4b0a64468ed2ba2a57a636823de3190601ce7c59244578906f5db1.olid",
      "dir": false
    },
    {
      "patch": "img/system/statelist.png",
      "with": "olid/68c0e12d25a8735ed98de6d9af85141429d4e1d1ac6c584177cc5a09a98fc0dc.olid",
      "dir": false
    },
    {
      "patch": "img/system/tag_cursor.png",
      "with": "olid/4d3636e0abb0a6b26ebcab5de87c2a93460f7cbf09a6237512e67725110eda84.olid",
      "dir": false
    },
    {
      "patch": "img/tilesets/BS_Blackspace.png",
      "with": "olid/a22dc1afa8a5e872c7432abf8267bfcead5f2963def4b312e89396b7d204dedc.olid",
      "dir": false
    },
    {
      "patch": "img/tilesets/BS_FA_Objects.png",
      "with": "olid/c28d81d2af7ef5344386783ecf2043b731f877819f5137e5ea57f1912485f5b6.olid",
      "dir": false
    },
    {
      "patch": "img/tilesets/BS_FA_Objects_Hallucination.png",
      "with": "olid/913358c59295730a925e1d217da1a97faef6ff903eca84132b30eb791177b130.olid",
      "dir": false
    },
    {
      "patch": "img/tilesets/BS_Faraway_Exterior.png",
      "with": "olid/c57b36447deaefd3f4cbc0da555c19946ea6156dfac43b1f38ddaead420b1346.olid",
      "dir": false
    },
    {
      "patch": "img/tilesets/BS_Hallucination_Interior.png",
      "with": "olid/cde36c3f17b0298b809c92c61a573bfeef42abe4070aa37606937724edfe9d7d.olid",
      "dir": false
    },
    {
      "patch": "img/tilesets/BS_Hallucination_VastForest.png",
      "with": "olid/ad6eb4904f1143f7a5962ae68d61c7d3e88d0e41c1e7288f456de05ff8f0c50b.olid",
      "dir": false
    },
    {
      "patch": "img/tilesets/BS_objects_night.png",
      "with": "olid/e9995d2d9927522bbe1f0421dba944688d40051e0d87399bd3a453962070495d.olid",
      "dir": false
    },
    {
      "patch": "img/tilesets/BS_objects_sunset.png",
      "with": "olid/5c3e98ccc98482d1df0fca1b39a94b80d88af7e04d5a19196b31287f850a950e.olid",
      "dir": false
    },
    {
      "patch": "img/tilesets/DW_Beach.png",
      "with": "olid/9513dcab562472876c33470644fd73e5e8a6d78b030173b222e272eae5c27876.olid",
      "dir": false
    },
    {
      "patch": "img/tilesets/DW_CattailField.png",
      "with": "olid/1a30d48957e23283732a76807e0325c5c4b79f5e8c81f073ba7ee6e3e92edc8d.olid",
      "dir": false
    },
    {
      "patch": "img/tilesets/DW_DeadForest.png",
      "with": "olid/aaed47ae6b4fc397efa7ce2399126677e2628ef20d9d36c48b6c54ce1c22c929.olid",
      "dir": false
    },
    {
      "patch": "img/tilesets/DW_DeadForest2.png",
      "with": "olid/be8b0a6b3186554223abf3e4795063a3eb157b8ed727afa16d2c3ed2efb258e2.olid",
      "dir": false
    },
    {
      "patch": "img/tilesets/DW_DeepWell.png",
      "with": "olid/8f1b63ec116f1b063c5cc7bcaa58c438c82b054b1ea5df59bb774c9a4d41e097.olid",
      "dir": false
    },
    {
      "patch": "img/tilesets/DW_DeepWellShip.png",
      "with": "olid/595b9861bbf92df838d3a1aed6ea7d2acbaaab030525a0980c595192c92d3b31.olid",
      "dir": false
    },
    {
      "patch": "img/tilesets/DW_DoughDungeon.png",
      "with": "olid/197a85b693cb604b20503380fafd5aa6630e96e09762e5b6c23f11d8ce277547.olid",
      "dir": false
    },
    {
      "patch": "img/tilesets/DW_DoughDungeon2.png",
      "with": "olid/b30e294c456ebdfc3735d8a16b57760dbdb6d32b7513aae11be5ffad4bb154e2.olid",
      "dir": false
    },
    {
      "patch": "img/tilesets/DW_Interior.png",
      "with": "olid/7b2f48fb20bbdea757f3dcd2732ee00cb6c2050b963a5921418f2f51aac372a0.olid",
      "dir": false
    },
    {
      "patch": "img/tilesets/DW_LastResort.png",
      "with": "olid/a964d28bdebdd04495edba93e50a2089a9b59cca8c9babd2eae66e7095d93916.olid",
      "dir": false
    },
    {
      "patch": "img/tilesets/DW_LastResort_Sign.png",
      "with": "olid/defd51dfa0008ecd703c54f962855f510205637dec025d3becbfa0f494f38fa1.olid",
      "dir": false
    },
    {
      "patch": "img/tilesets/DW_ORANGE.png",
      "with": "olid/2b061edd1eb2c34d8155faf0849b39403755b1138402d3a22d95a0260d610df0.olid",
      "dir": false
    },
    {
      "patch": "img/tilesets/DW_Otherworld.png",
      "with": "olid/0c6f3c2c5b5fa5838e78ea5a99ea56d5f64d554f36c1527501ce9539c6d37fd6.olid",
      "dir": false
    },
    {
      "patch": "img/tilesets/DW_PyreflyForest.png",
      "with": "olid/ddca9f998b2d77c93b65b8a98b6b16dffd322b3f1395af9d7fad951f1c4f736d.olid",
      "dir": false
    },
    {
      "patch": "img/tilesets/DW_SnowForest.png",
      "with": "olid/21ddacde47bc4cdf0a27e970d6a87213e0a16abecd0851edd896e586777d49af.olid",
      "dir": false
    },
    {
      "patch": "img/tilesets/DW_SproutMoleColony.png",
      "with": "olid/2abe7a12610bf4511e7931e9a70f54e4a3cab34abecf3910ce05c2d845e9db00.olid",
      "dir": false
    },
    {
      "patch": "img/tilesets/DW_SweetheartCastle.png",
      "with": "olid/f770b75c0d76f263109472fa3e60cd32b39c660a613d283432efb9549f3b6d9d.olid",
      "dir": false
    },
    {
      "patch": "img/tilesets/DW_SweetheartCastlePaintings.png",
      "with": "olid/d650eb3715da55828780ef65a58dea4bb13253cdaf1d25091e10c483ef21cc9e.olid",
      "dir": false
    },
    {
      "patch": "img/tilesets/DW_VastForest.png",
      "with": "olid/a014f8637a76affec19994666e866181640414432db81aadb68fbdca16441d39.olid",
      "dir": false
    },
    {
      "patch": "img/tilesets/DW_VastForest_After.png",
      "with": "olid/ae8a54383056e771a81c1a994b833c95d17281376df306de7aae15ee8a2fe155.olid",
      "dir": false
    },
    {
      "patch": "img/tilesets/DW_sprout_mole_town.png",
      "with": "olid/45eebce2c6991c8c225aebc10f8d2eb6dbdad6e3f6d2627b79da086635df0352.olid",
      "dir": false
    },
    {
      "patch": "img/tilesets/DW_traininterior.png",
      "with": "olid/15d1f64076ca23f7c7479a31a86e77fcdf8ee6c7e833b1f0cb168ffee28a61d8.olid",
      "dir": false
    },
    {
      "patch": "img/tilesets/FA_Beach.png",
      "with": "olid/756ecb04e32a68ce815c7e4e090318dc6359bf23295062b60f2fe722bc3a1294.olid",
      "dir": false
    },
    {
      "patch": "img/tilesets/FA_ChurchInterior.png",
      "with": "olid/bcfce1fc7564af004fe256a1e0c7a03bab9e18988ed35e130262d25221a3d1e3.olid",
      "dir": false
    },
    {
      "patch": "img/tilesets/FA_DownHouses.png",
      "with": "olid/9df5afd40c08fa35f972704075d7ee98ff85c327d51a87d50c0676891249b817.olid",
      "dir": false
    },
    {
      "patch": "img/tilesets/FA_DownHouses_night.png",
      "with": "olid/0c63052edfe179acffe6aeba62e44093c12dd525606af272b82219076065a1ee.olid",
      "dir": false
    },
    {
      "patch": "img/tilesets/FA_DownHouses_sunset.png",
      "with": "olid/b5fe749f08e008933a60d16184a3f62dc3854f2093a47f690aebbc2ea5a994f5.olid",
      "dir": false
    },
    {
      "patch": "img/tilesets/FA_Hallucination2.png",
      "with": "olid/4e40c3b9d303030ac215e2d70bac0b10b4db01b70895663443c806ad225fb61e.olid",
      "dir": false
    },
    {
      "patch": "img/tilesets/FA_InteriorTileset.png",
      "with": "olid/9ec4145048247c121f22b458a5421ff3d104b0f2d5b783664f6042d2e38903f6.olid",
      "dir": false
    },
    {
      "patch": "img/tilesets/FA_InteriorTileset2.png",
      "with": "olid/e1634c56f894f11e158e9ffcc23771dab1e0e2eee0127fa5f2b531ca22bf7b4a.olid",
      "dir": false
    },
    {
      "patch": "img/tilesets/FA_NIGHT_SHOP.png",
      "with": "olid/b336b74aa92f378358aa47e7aa79c9a06b3deb9819c75611048b521924097cc9.olid",
      "dir": false
    },
    {
      "patch": "img/tilesets/FA_NightInterior2.png",
      "with": "olid/51e605e2269301a2b9d6b1bafa0cd849f6fb1183a5a5fd7bc7661f9a756e896e.olid",
      "dir": false
    },
    {
      "patch": "img/tilesets/FA_ShopInterior.png",
      "with": "olid/1df8c8ab3134f3a557cee0e14a440ac6be86d1ab66b4947eb18f7ecc26b615ec.olid",
      "dir": false
    },
    {
      "patch": "img/tilesets/FA_SunsetInterior2.png",
      "with": "olid/048a8dc4097149afc7d041b6f2ea53a79e5ed48f19c54975ae98ff5a0b90e964.olid",
      "dir": false
    },
    {
      "patch": "img/tilesets/FA_objects.png",
      "with": "olid/9b325b3dcfa9b944252e8779b5dbaf14ebfadbdc612fb2045b0d8dd7049f9baf.olid",
      "dir": false
    },
    {
      "patch": "img/tilesets/FA_objects_night.png",
      "with": "olid/848aca96ee56f2118bbd494f50d9d4e70804e8a2ebc8dccbf03cab42033868a1.olid",
      "dir": false
    },
    {
      "patch": "img/tilesets/FA_objects_rainy.png",
      "with": "olid/02851501437b58632413313f3a6a9b844aaa258c9deb7fa2b97aaa4242c196b2.olid",
      "dir": false
    },
    {
      "patch": "img/tilesets/FA_objects_sunset.png",
      "with": "olid/307fcf2e204999d7bfc86d2fbfec5624c8450ff9955f6fdde9d6f1caf3663ebe.olid",
      "dir": false
    },
    {
      "patch": "img/tilesets/FA_sunset_interior.png",
      "with": "olid/58c2a233d102c914820f1df46e800dcf11b107e57808d100d2af7e27d1708383.olid",
      "dir": false
    },
    {
      "patch": "img/tilesets/FA_sunset_shop.png",
      "with": "olid/01cdeddb17fedcfb5aab51f64bc304742080f023af9da7946c9c195cf398602a.olid",
      "dir": false
    },
    {
      "patch": "img/tilesets/OCEAN_DW_DoughDungeon.png",
      "with": "olid/4c328cdecb511fa496dbc85ee8602d64b0288299e7f474ea44c192a87297b476.olid",
      "dir": false
    },
    {
      "patch": "img/tilesets/general_use.png",
      "with": "olid/18ed948ab846540893bc34d6671a8760359fdea313f77747fd47df520f83661b.olid",
      "dir": false
    }
  ],
  "files": {
    "plugins": [
      "plugins/Custom Battle Action Text.js",
      "plugins/YEP_X_MessageMacros1.js",
      "plugins/Omori Name Input.js",
      "plugins/Omori BlackLetterMap.js",
      "plugins/YIN_OmoriFixes.js",
      "plugins/GTP_OmoriFixes.js"
    ],
    "assets": [
      "fonts/OMORI_GAME.ttf",
      "fonts/OMORI_GAME2.ttf",
      "movies/Bad End Credits Draft 4.webm",
      "movies/Good End Credits Draft 5.webm",
      "movies/Neutral End Credits Draft 2.webm",
      "img/system/splashJ4S.png"
    ],
    "files": [],
    "maps": [],
    "text": [
      "languages/01_cutscenes_neighbors.yamld",
      "languages/01_map_whitespace.yamld",
      "languages/02_cutscenes_hideandseek.yamld",
      "languages/02_cutscenes_lostball.yamld",
      "languages/02_map_neighborsroom.yamld",
      "languages/03_cutscenes_basil.yamld",
      "languages/04_cutscenes_blackletters.yamld",
      "languages/05_cutscenes_spaceboyfriend.yamld",
      "languages/06_cutscenes_junkyard.yamld",
      "languages/07_cutscenes_spaceexboyfriend.yamld",
      "languages/08_cutscenes_captspaceboy.yamld",
      "languages/09_cutscenes_hobbeez.yamld",
      "languages/10_cutscenes_fakeknifefight.yamld",
      "languages/11_cutscenes_stolenalbum_pt1.yamld",
      "languages/12_cutscenes_stolenalbum_pt2.yamld",
      "languages/13_cutscenes_dinneratbasils.yamld",
      "languages/14_cutscenes_sweetheartquest.yamld",
      "languages/15_cutscenes_herothebachelor.yamld",
      "languages/16_cutscenes_thewedding.yamld",
      "languages/17_cutscenes_pollysworry.yamld",
      "languages/18_cutscenes_secretlake.yamld",
      "languages/19_cutscenes_kelshouse.yamld",
      "languages/20_cutscenes_sleepover.yamld",
      "languages/21_cutscenes_lastresort.yamld",
      "languages/22_cutscenes_humphrey.yamld",
      "languages/23_cutscenes_slimegirls.yamld",
      "languages/24_cutscenes_finalboss.yamld",
      "languages/25_cutscenes_blackhole.yamld",
      "languages/26_cutscenes_aubrey.yamld",
      "languages/27_cutscenes_treehouse.yamld",
      "languages/28_cutscenes_helpbasil.yamld",
      "languages/29_cutscenes_basilsplea.yamld",
      "languages/ALBUM.yamld",
      "languages/Bestiary.yamld",
      "languages/Database.yamld",
      "languages/System.yamld",
      "languages/XX_BLUE.yamld",
      "languages/XX_GENERAL.yamld",
      "languages/XX_ITEM_GET.yamld",
      "languages/XX_MARI_LOCATIONS.yamld",
      "languages/XX_MELON.yamld",
      "languages/XX_OCEAN.yamld",
      "languages/XX_QUEST.yamld",
      "languages/XX_QUEST_TRACKER.yamld",
      "languages/XX_SKILL_GET.yamld",
      "languages/XX_SYSTEM.yamld",
      "languages/XX_TAGREJECT.yamld",
      "languages/art_sculpture.yamld",
      "languages/basils_deathtrap.yamld",
      "languages/basils_finalmemories.yamld",
      "languages/basils_memories.yamld",
      "languages/basils_path.yamld",
      "languages/battle_book.yamld",
      "languages/black_space_flavor_text.yamld",
      "languages/black_space_rev.yamld",
      "languages/blackjack_minigame.yamld",
      "languages/blackspace_intro.yamld",
      "languages/breaktime_chatter.yamld",
      "languages/bs_basils_shadow.yamld",
      "languages/dreamworld_extras_blackspace.yamld",
      "languages/dreamworld_extras_dinosdig.yamld",
      "languages/dreamworld_extras_doomtomb.yamld",
      "languages/dreamworld_extras_misc.yamld",
      "languages/dreamworld_extras_pyrefly.yamld",
      "languages/dreamworld_extras_shop.yamld",
      "languages/dreamworld_extras_slimegirls.yamld",
      "languages/dreamworld_lost_forest.yamld",
      "languages/dreamworld_npc_dialogue.yamld",
      "languages/dreamworld_npc_dialogue_forgottenpier.yamld",
      "languages/dreamworld_npc_dialogue_frozenforest.yamld",
      "languages/dreamworld_npc_dialogue_lastresort.yamld",
      "languages/dreamworld_npc_dialogue_orangeoasis.yamld",
      "languages/dreamworld_npc_dialogue_otherworld.yamld",
      "languages/dreamworld_npc_dialogue_pinwheel.yamld",
      "languages/dreamworld_npc_dialogue_playground.yamld",
      "languages/dreamworld_npc_dialogue_pyrefly_doomtomb.yamld",
      "languages/dreamworld_npc_dialogue_slimegirls.yamld",
      "languages/dreamworld_npc_dialogue_sproutmole_sweetheart.yamld",
      "languages/dreamworld_npc_dialogue_sweetheart.yamld",
      "languages/dreamworld_npc_dialogue_whitespace.yamld",
      "languages/dw_boss_rush.yamld",
      "languages/dw_flavor_text.yamld",
      "languages/dw_hero_charm.yamld",
      "languages/dw_map_of_truth.yamld",
      "languages/fa_fridges.yamld",
      "languages/fa_map_flavor.yamld",
      "languages/faraway_conditional.yamld",
      "languages/faraway_kels_room.yamld",
      "languages/faraway_something_about_basil.yamld",
      "languages/farawaytown_day3_friends.yamld",
      "languages/farawaytown_dialogue_day1_day.yamld",
      "languages/farawaytown_dialogue_day1_sunset.yamld",
      "languages/farawaytown_dialogue_day2_day.yamld",
      "languages/farawaytown_dialogue_day2_sunset.yamld",
      "languages/farawaytown_dialogue_day3_day.yamld",
      "languages/farawaytown_dialogue_day3_sunset.yamld",
      "languages/farawaytown_dialogue_strangers.yamld",
      "languages/farawaytown_dialogue_tucker.yamld",
      "languages/farawaytown_extradialogue.yamld",
      "languages/farawaytown_extras_dailydialogue.yamld",
      "languages/farawaytown_extras_endings.yamld",
      "languages/farawaytown_extras_fears.yamld",
      "languages/farawaytown_extras_hardwareminigame.yamld",
      "languages/farawaytown_extras_mavericks.yamld",
      "languages/farawaytown_extras_misc.yamld",
      "languages/farawaytown_extras_momsdialogue.yamld",
      "languages/farawaytown_extras_objectflavor.yamld",
      "languages/farawaytown_extras_petrock.yamld",
      "languages/farawaytown_extras_pizzaminigame.yamld",
      "languages/farawaytown_extras_shop.yamld",
      "languages/farawaytown_extras_supermarketminigame.yamld",
      "languages/gacha_minigame.yamld",
      "languages/hidden_library.yamld",
      "languages/hide_and_seek.yamld",
      "languages/kel_errands.yamld",
      "languages/menus.yamld",
      "languages/new_npcs.yamld",
      "languages/party_dialogue.yamld",
      "languages/pluto.yamld",
      "languages/sidequest_dreamworld_bed.yamld",
      "languages/sidequest_dreamworld_coffeemachine.yamld",
      "languages/sidequest_dreamworld_crowfriends.yamld",
      "languages/sidequest_dreamworld_deliversprout.yamld",
      "languages/sidequest_dreamworld_demonboy.yamld",
      "languages/sidequest_dreamworld_feedhumphrey.yamld",
      "languages/sidequest_dreamworld_fliphim.yamld",
      "languages/sidequest_dreamworld_flowerpuzzle.yamld",
      "languages/sidequest_dreamworld_ghostgathering.yamld",
      "languages/sidequest_dreamworld_hector.yamld",
      "languages/sidequest_dreamworld_hectorjr.yamld",
      "languages/sidequest_dreamworld_itch.yamld",
      "languages/sidequest_dreamworld_jash.yamld",
      "languages/sidequest_dreamworld_lostrarebear.yamld",
      "languages/sidequest_dreamworld_lostson.yamld",
      "languages/sidequest_dreamworld_marina.yamld",
      "languages/sidequest_dreamworld_medusa.yamld",
      "languages/sidequest_dreamworld_molly.yamld",
      "languages/sidequest_dreamworld_mush.yamld",
      "languages/sidequest_dreamworld_oragne.yamld",
      "languages/sidequest_dreamworld_peanutjelly.yamld",
      "languages/sidequest_dreamworld_perfectwind.yamld",
      "languages/sidequest_dreamworld_pinkbeard.yamld",
      "languages/sidequest_dreamworld_poolnoodle.yamld",
      "languages/sidequest_dreamworld_rabbitkiller.yamld",
      "languages/sidequest_dreamworld_recycle.yamld",
      "languages/sidequest_dreamworld_seasons.yamld",
      "languages/sidequest_dreamworld_squizzards.yamld",
      "languages/sidequest_dreamworld_stargazing.yamld",
      "languages/sidequest_dreamworld_stolen.yamld",
      "languages/sidequest_dreamworld_stoprain.yamld",
      "languages/sidequest_dreamworld_tentacle.yamld",
      "languages/sidequest_farawaytown_anniversarychoco.yamld",
      "languages/sidequest_farawaytown_anniversarypizza.yamld",
      "languages/sidequest_farawaytown_artist.yamld",
      "languages/sidequest_farawaytown_birthdaygift1.yamld",
      "languages/sidequest_farawaytown_birthdaygift2.yamld",
      "languages/sidequest_farawaytown_bringangel.yamld",
      "languages/sidequest_farawaytown_brushteeth.yamld",
      "languages/sidequest_farawaytown_claus.yamld",
      "languages/sidequest_farawaytown_cooking.yamld",
      "languages/sidequest_farawaytown_fixarcademachine.yamld",
      "languages/sidequest_farawaytown_fixpipe.yamld",
      "languages/sidequest_farawaytown_flower.yamld",
      "languages/sidequest_farawaytown_forgotmeat.yamld",
      "languages/sidequest_farawaytown_fruitwaradrian.yamld",
      "languages/sidequest_farawaytown_fruitwarbrayden.yamld",
      "languages/sidequest_farawaytown_ginohighscore.yamld",
      "languages/sidequest_farawaytown_ginojukebox.yamld",
      "languages/sidequest_farawaytown_hobbeezhighscore.yamld",
      "languages/sidequest_farawaytown_jackson.yamld",
      "languages/sidequest_farawaytown_lostlucas.yamld",
      "languages/sidequest_farawaytown_medication.yamld",
      "languages/sidequest_farawaytown_michaelslunch.yamld",
      "languages/sidequest_farawaytown_michaelthemusician.yamld",
      "languages/sidequest_farawaytown_mincy.yamld",
      "languages/sidequest_farawaytown_missingshears.yamld",
      "languages/sidequest_farawaytown_mypie.yamld",
      "languages/sidequest_farawaytown_oldhobo.yamld",
      "languages/sidequest_farawaytown_pickingpaint.yamld",
      "languages/sidequest_farawaytown_pickupfurniture.yamld",
      "languages/sidequest_farawaytown_ringinthesink.yamld",
      "languages/sidequest_farawaytown_seashells.yamld",
      "languages/sidequest_farawaytown_shutin.yamld",
      "languages/sidequest_farawaytown_smellyhobo.yamld",
      "languages/sidequest_farawaytown_sneakingoutbrent.yamld",
      "languages/sidequest_farawaytown_sneakingoutjoy.yamld",
      "languages/sidequest_farawaytown_toiletseat.yamld",
      "languages/sidequest_farawaytown_trashpickup.yamld",
      "languages/sidequest_farawaytown_tutorbrent.yamld",
      "languages/sidequest_farawaytown_tutorjoy.yamld",
      "languages/sidequest_farawaytown_wherestheremote.yamld",
      "languages/signs.yamld",
      "languages/slot_machine_minigame.yamld",
      "languages/snaley_tragedy.yamld",
      "languages/wtf.yamld",
      "languages/xx_battle_text.yamld",
      "languages/xx_cutscenes_ems.yamld",
      "languages/xx_map_expansion.yamld",
      "languages/xx_tombstones.yamld"
    ],
    "data": [
      "data/Actors.jsond",
      "data/Armors.jsond",
      "data/Atlas.yamld",
      "data/Classes.jsond",
      "data/CommonEvents.jsond",
      "data/Enemies.jsond",
      "data/Items.jsond",
      "data/Map006.jsond",
      "data/Map016.jsond",
      "data/Map020.jsond",
      "data/Map022.jsond",
      "data/Map031.jsond",
      "data/Map032.jsond",
      "data/Map033.jsond",
      "data/Map035.jsond",
      "data/Map343.jsond",
      "data/Map503.jsond",
      "data/Map927.jsond",
      "data/Map931.jsond",
      "data/Quests.yamld",
      "data/Skills.jsond",
      "data/States.jsond",
      "data/System.jsond",
      "data/Troops.jsond",
      "data/Weapons.jsond"
    ]
  },
  "$schema": "https://rph.space/oneloader.manifestv1.schema.json",
  "plugin_parameters": {
    "YEP_X_MessageMacros1": [
      {"op": "replace", "path": "/Macro 5 Text", "value": "\\n<БАЗИЛЬ>"},
      {"op": "replace", "path": "/Macro 10 Text", "value": "\\n<МАРІ>"},
      {"op": "replace", "path": "/Macro 11 Text", "value": "\\n<МІНСІ>"},
      {"op": "replace", "path": "/Macro 12 Text", "value": "\\n<ХУДОЖНИЦЯ>"},
      {"op": "replace", "path": "/Macro 13 Text", "value": "\\n<КОСМОКОЛИШНІЙ ЧОЛОВІК>"},
      {"op": "replace", "path": "/Macro 14 Text", "value": "\\n<ПОШТОВА СКРИНЬКА>"},
      {"op": "replace", "path": "/Macro 15 Text", "value": "\\n<СЕРДЕНЬКА>"},
      {"op": "replace", "path": "/Macro 16 Text", "value": "\\n<КРОТО-ПАРОСТОК МАЙК>"},
      {"op": "replace", "path": "/Macro 17 Text", "value": "\\n<ПАН ПАЩЕСУМ>"}
  ],
  "YEP_X_MessageMacros2": [
      {"op": "replace", "path": "/Macro 101 Text", "value": "\\n<КІМ>"},
      {"op": "replace", "path": "/Macro 102 Text", "value": "\\n<ЧАРЛІ>"},
      {"op": "replace", "path": "/Macro 103 Text", "value": "\\n<ЕНДЖЕЛ>"},
      {"op": "replace", "path": "/Macro 104 Text", "value": "\\n<ВЕЛИЧНИЙ МАВЕРІК>"},
      {"op": "replace", "path": "/Macro 105 Text", "value": "\\n<ВАНС>"},
      {"op": "replace", "path": "/Macro 106 Text", "value": "\\n<ЧУВАК КОСМОПІРАТ>"},
      {"op": "replace", "path": "/Macro 107 Text", "value": "\\n<ЧУВАК КОСМОПІРАТ>"},
      {"op": "replace", "path": "/Macro 108 Text", "value": "\\n<ПРИЯТЕЛЬ КОСМОПІРАТ>"}
  ],
  "YEP_X_MessageMacros3": [
      {"op": "replace", "path": "/Macro 201 Text", "value": "\\n<МУДРИЙ КАМІНЬ>"},
      {"op": "replace", "path": "/Macro 202 Text", "value": "\\n<БЕРЛІ>"},
      {"op": "replace", "path": "/Macro 203 Text", "value": "\\n<ВАН>"},
      {"op": "replace", "path": "/Macro 204 Text", "value": "\\n<НОУЗ>"},
      {"op": "replace", "path": "/Macro 205 Text", "value": "\\n<БУЛОЧКА>"},
      {"op": "replace", "path": "/Macro 206 Text", "value": "\\n<МІКАЛ>"},
      {"op": "replace", "path": "/Macro 207 Text", "value": "\\n<МАРГАРИТА>"},
      {"op": "replace", "path": "/Macro 208 Text", "value": "\\n<НЕБ>"},
      {"op": "replace", "path": "/Macro 209 Text", "value": "\\n<ГЕПІ>"},
      {"op": "replace", "path": "/Macro 211 Text", "value": "\\n<БЕНҐЗ>"},
      {"op": "replace", "path": "/Macro 212 Text", "value": "\\n<ШОН>"},
      {"op": "replace", "path": "/Macro 213 Text", "value": "\\n<РЕН>"},
      {"op": "replace", "path": "/Macro 214 Text", "value": "\\n<ШАРЛІН>"},
      {"op": "replace", "path": "/Macro 215 Text", "value": "\\n<ПЛАКУЧА ВЕРБА>"},
      {"op": "replace", "path": "/Macro 216 Text", "value": "\\n<ГАМФРІ>"},
      {"op": "replace", "path": "/Macro 217 Text", "value": "\\n<БАБУСЯ>"},
      {"op": "replace", "path": "/Macro 218 Text", "value": "\\n<ЧІРС>"},
      {"op": "replace", "path": "/Macro 219 Text", "value": "\\n<СНЕЙЛІ>"},
      {"op": "replace", "path": "/Macro 220 Text", "value": "\\n<СЕРДЕНЬКА>"},
      {"op": "replace", "path": "/Macro 221 Text", "value": "\\n<ЕМС>"},
      {"op": "replace", "path": "/Macro 222 Text", "value": "\\n<ЕШ>"},
      {"op": "replace", "path": "/Macro 223 Text", "value": "\\n<ПЛУТОН>"},
      {"op": "replace", "path": "/Macro 224 Text", "value": "\\n<Д'Ю>"},
      {"op": "replace", "path": "/Macro 225 Text", "value": "\\n<КРЮ>"},
      {"op": "replace", "path": "/Macro 226 Text", "value": "\\n<РОЗА>"},
      {"op": "replace", "path": "/Macro 227 Text", "value": "\\n<ДИТЯ З ПОВІТРЯНИМ ЗМІЄМ>"},
      {"op": "replace", "path": "/Macro 228 Text", "value": "\\n<ОПУДАЛО>"},
      {"op": "replace", "path": "/Macro 229 Text", "value": "\\n<ТЕЛЕ-ДІВА>"},
      {"op": "replace", "path": "/Macro 230 Text", "value": "\\n<ПІДОЗРІЛИЙ КРОТО-ПАРОСТОК>"},
      {"op": "replace", "path": "/Macro 231 Text", "value": "\\n<МЕР КРОТО-ПАРОСТОК>"},
      {"op": "replace", "path": "/Macro 232 Text", "value": "\\n<СОННИЙ КРОТО-ПАРОСТОК>"},
      {"op": "replace", "path": "/Macro 233 Text", "value": "\\n<СПОРТИВНИЙ КРОТО-ПАРОСТОК>"},
      {"op": "replace", "path": "/Macro 234 Text", "value": "\\n<КРОТО-ПАРОСТОК ШЕФ-КУХАР>"},
      {"op": "replace", "path": "/Macro 235 Text", "value": "\\n<КРОТО-ПАРОСТОК>"},
      {"op": "replace", "path": "/Macro 236 Text", "value": "\\n<КРОТ БАНДИТ>"},
      {"op": "replace", "path": "/Macro 237 Text", "value": "\\n<ТОСТІ>"},
      {"op": "replace", "path": "/Macro 241 Text", "value": "\\n<ПРОМОВНА БДЖОЛА>"},
      {"op": "replace", "path": "/Macro 245 Text", "value": "\\n<ЛИСТОЧОК>"},
      {"op": "replace", "path": "/Macro 246 Text", "value": "\\n<АПЕЛЬСИНОВИЙ ДЖО>"},
      {"op": "replace", "path": "/Macro 247 Text", "value": "\\n<ПРИВИД З ПРОПЕЛЛЕРОМ>"},
      {"op": "replace", "path": "/Macro 248 Text", "value": "\\n<ПРИВИД У КАПЕЛЮШКУ>"},
      {"op": "replace", "path": "/Macro 249 Text", "value": "\\n<ПРИВИД З ЦИЛІНДРОМ>"},
      {"op": "replace", "path": "/Macro 250 Text", "value": "\\n<ПО>"},
      {"op": "replace", "path": "/Macro 251 Text", "value": "\\n<ЛАРАМІ>"},
      {"op": "replace", "path": "/Macro 252 Text", "value": "\\n<ФЕРІС>"},
      {"op": "replace", "path": "/Macro 253 Text", "value": "\\n<ҐАМБО>"},
      {"op": "replace", "path": "/Macro 254 Text", "value": "\\n<ҐІБС>"},
      {"op": "replace", "path": "/Macro 255 Text", "value": "\\n<МОТОРОШНИЙ КІТ>"},
      {"op": "replace", "path": "/Macro 259 Text", "value": "\\n<ПЕССІ>"},
      {"op": "replace", "path": "/Macro 260 Text", "value": "\\n<МАЛЮК>"},
      {"op": "replace", "path": "/Macro 264 Text", "value": "\\n<КРОТО-ПАРОСТОК КУХАР>"},
      {"op": "replace", "path": "/Macro 265 Text", "value": "\\n<ВЧИТЕЛЬ КРОТО-ПАРОСТОК>"},
      {"op": "replace", "path": "/Macro 266 Text", "value": "\\n<КРОТО-ПАРОСТОК УЧЕНЬ 1>"},
      {"op": "replace", "path": "/Macro 267 Text", "value": "\\n<КРОТО-ПАРОСТОК УЧЕНЬ 2>"},
      {"op": "replace", "path": "/Macro 268 Text", "value": "\\n<КРОТО-ПАРОСТОК УЧЕНЬ 3>"},
      {"op": "replace", "path": "/Macro 269 Text", "value": "\\n<КРОТО-ПАРОСТОК ДОВБЕНЬ>"},
      {"op": "replace", "path": "/Macro 277 Text", "value": "\\n<ДЖОК ДЖЕМС>"},
      {"op": "replace", "path": "/Macro 281 Text", "value": "\\n<ЗЕМЛЯ>"}
  ],
  "YEP_X_MessageMacros4": [
      {"op": "replace", "path": "/Macro 301 Text", "value": "\\n<КОСМОХЛОПЕЦЬ>"},
      {"op": "replace", "path": "/Macro 302 Text", "value": "\\n<КОСМОКОЛИШНІЙ ХЛОПЕЦЬ>"},
      {"op": "replace", "path": "/Macro 303 Text", "value": "\\n<КАПТ. КОСМОЮНАК>"},
      {"op": "replace", "path": "/Macro 304 Text", "value": "\\n<КОСМОЧОЛОВІК>"},
      {"op": "replace", "path": "/Macro 305 Text", "value": "\\n<КОСМОКОЛИШНІЙ ЧОЛОВІК>"},
      {"op": "replace", "path": "/Macro 306 Text", "value": "\\n<МІНСІ>"}
  ],
  "Olivia_SkipCutscene": [
      {"op": "replace", "path": "/Skip Text", "value": "УТРИМУЙТЕ \\DII[escape] ДЛЯ ПРОПУСКУ"}
  ],
    "galv_animatedsplashscreens": [
      {
        "op": "replace",
        "path": "/Splash Images",
        "value": "splashGalv,200,3,314|splashGalv2,200,3,314|splashJ4S,200,3,314"
      }
    ]
  }
}